Verkaufsb.;LFDAT;+KW;Debitor;Name 1;PLZ;Beleg;ern.ausl.;Ret.klasse;Parkkennz.;Handling Unit;Typ;Platz;Spediteur;Name 1;Relation;Q;KartonAnz
588182;22.09.2026;;6000100043;METRO BETR. 00267;01139;80607479;;;;140046200042048380;020;K;71517;DPD Deutschland GmbH;;X;0
588152;09.10.2026;;8004200273;ERL Euro Retail Logistics GmbH;59425;80607520;;;;140046200042049899;020;K;70012;SEATRADER;;;0
588152;09.10.2026;;8004200273;ERL Euro Retail Logistics GmbH;59425;80607520;;;;140046200042049882;020;K;70012;SEATRADER;;;0
588152;09.10.2026;;8004200273;ERL Euro Retail Logistics GmbH;59425;80607520;;;;140046200042049875;020;K;70012;SEATRADER;;;0
588152;09.10.2026;;8004200273;ERL Euro Retail Logistics GmbH;59425;80607520;;;;140046200042049868;020;K;70012;SEATRADER;;;0
588152;09.10.2026;;8004200273;ERL Euro Retail Logistics GmbH;59425;80607520;;;;140046200042049851;020;K;70012;SEATRADER;;;0
588152;09.10.2026;;8004200273;ERL Euro Retail Logistics GmbH;59425;80607520;;;;140046200042049844;020;K;70012;SEATRADER;;;0
588152;09.10.2026;;8004200273;ERL Euro Retail Logistics GmbH;59425;80607520;;;;140046200042049837;020;K;70012;SEATRADER;;;0
588152;09.10.2026;;8004200273;ERL Euro Retail Logistics GmbH;59425;80607520;;;;140046200042049820;020;K;70012;SEATRADER;;;0
588152;09.10.2026;;8004200273;ERL Euro Retail Logistics GmbH;59425;80607520;;;;140046200042049813;020;K;70012;SEATRADER;;;0
588235;12.10.2026;;8004200273;ERL Euro Retail Logistics GmbH;59425;80607521;;;;140046200042050215;020;K;70012;SEATRADER;;;0
588235;12.10.2026;;8004200273;ERL Euro Retail Logistics GmbH;59425;80607521;;;;140046200042050208;020;K;70012;SEATRADER;;;0
588235;12.10.2026;;8004200273;ERL Euro Retail Logistics GmbH;59425;80607521;;;;140046200042050192;020;K;70012;SEATRADER;;;0
588235;12.10.2026;;8004200273;ERL Euro Retail Logistics GmbH;59425;80607521;;;;140046200042050185;020;K;70012;SEATRADER;;;0
588235;12.10.2026;;8004200273;ERL Euro Retail Logistics GmbH;59425;80607521;;;;140046200042050178;020;K;70012;SEATRADER;;;0
588235;12.10.2026;;8004200273;ERL Euro Retail Logistics GmbH;59425;80607521;;;;140046200042050161;020;K;70012;SEATRADER;;;0
588235;12.10.2026;;8004200273;ERL Euro Retail Logistics GmbH;59425;80607521;;;;140046200042050154;020;K;70012;SEATRADER;;;0
588235;12.10.2026;;8004200273;ERL Euro Retail Logistics GmbH;59425;80607521;;;;140046200042050147;020;K;70012;SEATRADER;;;0
588235;12.10.2026;;8004200273;ERL Euro Retail Logistics GmbH;59425;80607521;;;;140046200042050130;020;K;70012;SEATRADER;;;0
588235;12.10.2026;;8004200273;ERL Euro Retail Logistics GmbH;59425;80607521;;;;140046200042050123;020;K;70012;SEATRADER;;;0
588235;12.10.2026;;8004200273;ERL Euro Retail Logistics GmbH;59425;80607521;;;;140046200042050116;020;K;70012;SEATRADER;;;0
588235;12.10.2026;;8004200273;ERL Euro Retail Logistics GmbH;59425;80607521;;;;140046200042050109;020;K;70012;SEATRADER;;;0
588235;12.10.2026;;8004200273;ERL Euro Retail Logistics GmbH;59425;80607521;;;;140046200042049981;020;K;70012;SEATRADER;;;0
588235;12.10.2026;;8004200273;ERL Euro Retail Logistics GmbH;59425;80607521;;;;140046200042049974;020;K;70012;SEATRADER;;;0
588235;12.10.2026;;8004200273;ERL Euro Retail Logistics GmbH;59425;80607521;;;;140046200042049967;020;K;70012;SEATRADER;;;0
588235;12.10.2026;;8004200273;ERL Euro Retail Logistics GmbH;59425;80607521;;;;140046200042049950;020;K;70012;SEATRADER;;;0
588235;12.10.2026;;8004200273;ERL Euro Retail Logistics GmbH;59425;80607521;;;;140046200042049943;020;K;70012;SEATRADER;;;0
588235;12.10.2026;;8004200273;ERL Euro Retail Logistics GmbH;59425;80607521;;;;140046200042049936;020;K;70012;SEATRADER;;;0
588235;12.10.2026;;8004200273;ERL Euro Retail Logistics GmbH;59425;80607521;;;;140046200042049929;020;K;70012;SEATRADER;;;0
588235;12.10.2026;;8004200273;ERL Euro Retail Logistics GmbH;59425;80607521;;;;140046200042049912;020;K;70012;SEATRADER;;;0
588235;12.10.2026;;8004200273;ERL Euro Retail Logistics GmbH;59425;80607521;;;;140046200042049905;020;K;70012;SEATRADER;;;0
588235;12.10.2026;;8004200273;ERL Euro Retail Logistics GmbH;59425;80607521;;;;140046200042049998;020;K;70012;SEATRADER;;;0
588235;12.10.2026;;8004200273;ERL Euro Retail Logistics GmbH;59425;80607521;;;;140046200042050000;020;K;70012;SEATRADER;;;0
588235;12.10.2026;;8004200273;ERL Euro Retail Logistics GmbH;59425;80607521;;;;140046200042050017;020;K;70012;SEATRADER;;;0
588235;12.10.2026;;8004200273;ERL Euro Retail Logistics GmbH;59425;80607521;;;;140046200042050024;020;K;70012;SEATRADER;;;0
588235;12.10.2026;;8004200273;ERL Euro Retail Logistics GmbH;59425;80607521;;;;140046200042050031;020;K;70012;SEATRADER;;;0
588235;12.10.2026;;8004200273;ERL Euro Retail Logistics GmbH;59425;80607521;;;;140046200042050048;020;K;70012;SEATRADER;;;0
588235;12.10.2026;;8004200273;ERL Euro Retail Logistics GmbH;59425;80607521;;;;140046200042050055;020;K;70012;SEATRADER;;;0
588235;12.10.2026;;8004200273;ERL Euro Retail Logistics GmbH;59425;80607521;;;;140046200042050062;020;K;70012;SEATRADER;;;0
588235;12.10.2026;;8004200273;ERL Euro Retail Logistics GmbH;59425;80607521;;;;140046200042050079;020;K;70012;SEATRADER;;;0
588235;12.10.2026;;8004200273;ERL Euro Retail Logistics GmbH;59425;80607521;;;;140046200042050086;020;K;70012;SEATRADER;;;0
588235;12.10.2026;;8004200273;ERL Euro Retail Logistics GmbH;59425;80607521;;;;140046200042050093;020;K;70012;SEATRADER;;;0
588236;12.10.2026;;8004200273;ERL Euro Retail Logistics GmbH;59425;80607522;;;;140046200042050536;020;K;70012;SEATRADER;;;0
588236;12.10.2026;;8004200273;ERL Euro Retail Logistics GmbH;59425;80607522;;;;140046200042050529;020;K;70012;SEATRADER;;;0
588236;12.10.2026;;8004200273;ERL Euro Retail Logistics GmbH;59425;80607522;;;;140046200042050512;020;K;70012;SEATRADER;;;0
588236;12.10.2026;;8004200273;ERL Euro Retail Logistics GmbH;59425;80607522;;;;140046200042050505;020;K;70012;SEATRADER;;;0
588236;12.10.2026;;8004200273;ERL Euro Retail Logistics GmbH;59425;80607522;;;;140046200042050499;020;K;70012;SEATRADER;;;0
588236;12.10.2026;;8004200273;ERL Euro Retail Logistics GmbH;59425;80607522;;;;140046200042050482;020;K;70012;SEATRADER;;;0
588236;12.10.2026;;8004200273;ERL Euro Retail Logistics GmbH;59425;80607522;;;;140046200042050475;020;K;70012;SEATRADER;;;0
588236;12.10.2026;;8004200273;ERL Euro Retail Logistics GmbH;59425;80607522;;;;140046200042050468;020;K;70012;SEATRADER;;;0
588236;12.10.2026;;8004200273;ERL Euro Retail Logistics GmbH;59425;80607522;;;;140046200042050451;020;K;70012;SEATRADER;;;0
588236;12.10.2026;;8004200273;ERL Euro Retail Logistics GmbH;59425;80607522;;;;140046200042050444;020;K;70012;SEATRADER;;;0
588236;12.10.2026;;8004200273;ERL Euro Retail Logistics GmbH;59425;80607522;;;;140046200042050437;020;K;70012;SEATRADER;;;0
588236;12.10.2026;;8004200273;ERL Euro Retail Logistics GmbH;59425;80607522;;;;140046200042050420;020;K;70012;SEATRADER;;;0
588236;12.10.2026;;8004200273;ERL Euro Retail Logistics GmbH;59425;80607522;;;;140046200042050222;020;K;70012;SEATRADER;;;0
588236;12.10.2026;;8004200273;ERL Euro Retail Logistics GmbH;59425;80607522;;;;140046200042050239;020;K;70012;SEATRADER;;;0
588236;12.10.2026;;8004200273;ERL Euro Retail Logistics GmbH;59425;80607522;;;;140046200042050246;020;K;70012;SEATRADER;;;0
588236;12.10.2026;;8004200273;ERL Euro Retail Logistics GmbH;59425;80607522;;;;140046200042050253;020;K;70012;SEATRADER;;;0
588236;12.10.2026;;8004200273;ERL Euro Retail Logistics GmbH;59425;80607522;;;;140046200042050260;020;K;70012;SEATRADER;;;0
588236;12.10.2026;;8004200273;ERL Euro Retail Logistics GmbH;59425;80607522;;;;140046200042050277;020;K;70012;SEATRADER;;;0
588236;12.10.2026;;8004200273;ERL Euro Retail Logistics GmbH;59425;80607522;;;;140046200042050284;020;K;70012;SEATRADER;;;0
588236;12.10.2026;;8004200273;ERL Euro Retail Logistics GmbH;59425;80607522;;;;140046200042050291;020;K;70012;SEATRADER;;;0
588236;12.10.2026;;8004200273;ERL Euro Retail Logistics GmbH;59425;80607522;;;;140046200042050307;020;K;70012;SEATRADER;;;0
588236;12.10.2026;;8004200273;ERL Euro Retail Logistics GmbH;59425;80607522;;;;140046200042050314;020;K;70012;SEATRADER;;;0
588236;12.10.2026;;8004200273;ERL Euro Retail Logistics GmbH;59425;80607522;;;;140046200042050413;020;K;70012;SEATRADER;;;0
588236;12.10.2026;;8004200273;ERL Euro Retail Logistics GmbH;59425;80607522;;;;140046200042050406;020;K;70012;SEATRADER;;;0
588236;12.10.2026;;8004200273;ERL Euro Retail Logistics GmbH;59425;80607522;;;;140046200042050390;020;K;70012;SEATRADER;;;0
588236;12.10.2026;;8004200273;ERL Euro Retail Logistics GmbH;59425;80607522;;;;140046200042050383;020;K;70012;SEATRADER;;;0
588236;12.10.2026;;8004200273;ERL Euro Retail Logistics GmbH;59425;80607522;;;;140046200042050376;020;K;70012;SEATRADER;;;0
588236;12.10.2026;;8004200273;ERL Euro Retail Logistics GmbH;59425;80607522;;;;140046200042050321;020;K;70012;SEATRADER;;;0
588236;12.10.2026;;8004200273;ERL Euro Retail Logistics GmbH;59425;80607522;;;;140046200042050338;020;K;70012;SEATRADER;;;0
588236;12.10.2026;;8004200273;ERL Euro Retail Logistics GmbH;59425;80607522;;;;140046200042050345;020;K;70012;SEATRADER;;;0
588236;12.10.2026;;8004200273;ERL Euro Retail Logistics GmbH;59425;80607522;;;;140046200042050369;020;K;70012;SEATRADER;;;0
588236;12.10.2026;;8004200273;ERL Euro Retail Logistics GmbH;59425;80607522;;;;140046200042050352;020;K;70012;SEATRADER;;;0
588237;13.10.2026;;8004200273;ERL Euro Retail Logistics GmbH;59425;80607523;;;;140046200042050758;020;K;70012;SEATRADER;;;0
588237;13.10.2026;;8004200273;ERL Euro Retail Logistics GmbH;59425;80607523;;;;140046200042050741;020;K;70012;SEATRADER;;;0
588237;13.10.2026;;8004200273;ERL Euro Retail Logistics GmbH;59425;80607523;;;;140046200042050765;020;K;70012;SEATRADER;;;0
588237;13.10.2026;;8004200273;ERL Euro Retail Logistics GmbH;59425;80607523;;;;140046200042050772;020;K;70012;SEATRADER;;;0
588237;13.10.2026;;8004200273;ERL Euro Retail Logistics GmbH;59425;80607523;;;;140046200042050734;020;K;70012;SEATRADER;;;0
588237;13.10.2026;;8004200273;ERL Euro Retail Logistics GmbH;59425;80607523;;;;140046200042050727;020;K;70012;SEATRADER;;;0
588237;13.10.2026;;8004200273;ERL Euro Retail Logistics GmbH;59425;80607523;;;;140046200042050710;020;K;70012;SEATRADER;;;0
588237;13.10.2026;;8004200273;ERL Euro Retail Logistics GmbH;59425;80607523;;;;140046200042050703;020;K;70012;SEATRADER;;;0
588237;13.10.2026;;8004200273;ERL Euro Retail Logistics GmbH;59425;80607523;;;;140046200042050789;020;K;70012;SEATRADER;;;0
588237;13.10.2026;;8004200273;ERL Euro Retail Logistics GmbH;59425;80607523;;;;140046200042050796;020;K;70012;SEATRADER;;;0
588237;13.10.2026;;8004200273;ERL Euro Retail Logistics GmbH;59425;80607523;;;;140046200042050802;020;K;70012;SEATRADER;;;0
588237;13.10.2026;;8004200273;ERL Euro Retail Logistics GmbH;59425;80607523;;;;140046200042050819;020;K;70012;SEATRADER;;;0
588237;13.10.2026;;8004200273;ERL Euro Retail Logistics GmbH;59425;80607523;;;;140046200042050826;020;K;70012;SEATRADER;;;0
588237;13.10.2026;;8004200273;ERL Euro Retail Logistics GmbH;59425;80607523;;;;140046200042050833;020;K;70012;SEATRADER;;;0
588237;13.10.2026;;8004200273;ERL Euro Retail Logistics GmbH;59425;80607523;;;;140046200042050840;020;K;70012;SEATRADER;;;0
588237;13.10.2026;;8004200273;ERL Euro Retail Logistics GmbH;59425;80607523;;;;140046200042050857;020;K;70012;SEATRADER;;;0
588237;13.10.2026;;8004200273;ERL Euro Retail Logistics GmbH;59425;80607523;;;;140046200042050543;020;K;70012;SEATRADER;;;0
588237;13.10.2026;;8004200273;ERL Euro Retail Logistics GmbH;59425;80607523;;;;140046200042050550;020;K;70012;SEATRADER;;;0
588237;13.10.2026;;8004200273;ERL Euro Retail Logistics GmbH;59425;80607523;;;;140046200042050567;020;K;70012;SEATRADER;;;0
588237;13.10.2026;;8004200273;ERL Euro Retail Logistics GmbH;59425;80607523;;;;140046200042050574;020;K;70012;SEATRADER;;;0
588237;13.10.2026;;8004200273;ERL Euro Retail Logistics GmbH;59425;80607523;;;;140046200042050581;020;K;70012;SEATRADER;;;0
588237;13.10.2026;;8004200273;ERL Euro Retail Logistics GmbH;59425;80607523;;;;140046200042050598;020;K;70012;SEATRADER;;;0
588237;13.10.2026;;8004200273;ERL Euro Retail Logistics GmbH;59425;80607523;;;;140046200042050604;020;K;70012;SEATRADER;;;0
588237;13.10.2026;;8004200273;ERL Euro Retail Logistics GmbH;59425;80607523;;;;140046200042050611;020;K;70012;SEATRADER;;;0
588237;13.10.2026;;8004200273;ERL Euro Retail Logistics GmbH;59425;80607523;;;;140046200042050628;020;K;70012;SEATRADER;;;0
588237;13.10.2026;;8004200273;ERL Euro Retail Logistics GmbH;59425;80607523;;;;140046200042050635;020;K;70012;SEATRADER;;;0
588237;13.10.2026;;8004200273;ERL Euro Retail Logistics GmbH;59425;80607523;;;;140046200042050642;020;K;70012;SEATRADER;;;0
588237;13.10.2026;;8004200273;ERL Euro Retail Logistics GmbH;59425;80607523;;;;140046200042050659;020;K;70012;SEATRADER;;;0
588237;13.10.2026;;8004200273;ERL Euro Retail Logistics GmbH;59425;80607523;;;;140046200042050666;020;K;70012;SEATRADER;;;0
588237;13.10.2026;;8004200273;ERL Euro Retail Logistics GmbH;59425;80607523;;;;140046200042050673;020;K;70012;SEATRADER;;;0
588237;13.10.2026;;8004200273;ERL Euro Retail Logistics GmbH;59425;80607523;;;;140046200042050680;020;K;70012;SEATRADER;;;0
588237;13.10.2026;;8004200273;ERL Euro Retail Logistics GmbH;59425;80607523;;;;140046200042050697;020;K;70012;SEATRADER;;;0
588238;13.10.2026;;8004200273;ERL Euro Retail Logistics GmbH;59425;80607524;;;;140046200042051021;020;K;70012;SEATRADER;;;0
588238;13.10.2026;;8004200273;ERL Euro Retail Logistics GmbH;59425;80607524;;;;140046200042051038;020;K;70012;SEATRADER;;;0
588238;13.10.2026;;8004200273;ERL Euro Retail Logistics GmbH;59425;80607524;;;;140046200042051045;020;K;70012;SEATRADER;;;0
588238;13.10.2026;;8004200273;ERL Euro Retail Logistics GmbH;59425;80607524;;;;140046200042051052;020;K;70012;SEATRADER;;;0
588238;13.10.2026;;8004200273;ERL Euro Retail Logistics GmbH;59425;80607524;;;;140046200042051069;020;K;70012;SEATRADER;;;0
588238;13.10.2026;;8004200273;ERL Euro Retail Logistics GmbH;59425;80607524;;;;140046200042051076;020;K;70012;SEATRADER;;;0
588238;13.10.2026;;8004200273;ERL Euro Retail Logistics GmbH;59425;80607524;;;;140046200042051083;020;K;70012;SEATRADER;;;0
588238;13.10.2026;;8004200273;ERL Euro Retail Logistics GmbH;59425;80607524;;;;140046200042051090;020;K;70012;SEATRADER;;;0
588238;13.10.2026;;8004200273;ERL Euro Retail Logistics GmbH;59425;80607524;;;;140046200042051106;020;K;70012;SEATRADER;;;0
588238;13.10.2026;;8004200273;ERL Euro Retail Logistics GmbH;59425;80607524;;;;140046200042051113;020;K;70012;SEATRADER;;;0
588238;13.10.2026;;8004200273;ERL Euro Retail Logistics GmbH;59425;80607524;;;;140046200042051120;020;K;70012;SEATRADER;;;0
588238;13.10.2026;;8004200273;ERL Euro Retail Logistics GmbH;59425;80607524;;;;140046200042051137;020;K;70012;SEATRADER;;;0
588238;13.10.2026;;8004200273;ERL Euro Retail Logistics GmbH;59425;80607524;;;;140046200042051144;020;K;70012;SEATRADER;;;0
588238;13.10.2026;;8004200273;ERL Euro Retail Logistics GmbH;59425;80607524;;;;140046200042051151;020;K;70012;SEATRADER;;;0
588238;13.10.2026;;8004200273;ERL Euro Retail Logistics GmbH;59425;80607524;;;;140046200042051168;020;K;70012;SEATRADER;;;0
588238;13.10.2026;;8004200273;ERL Euro Retail Logistics GmbH;59425;80607524;;;;140046200042051175;020;K;70012;SEATRADER;;;0
588238;13.10.2026;;8004200273;ERL Euro Retail Logistics GmbH;59425;80607524;;;;140046200042050864;020;K;70012;SEATRADER;;;0
588238;13.10.2026;;8004200273;ERL Euro Retail Logistics GmbH;59425;80607524;;;;140046200042050871;020;K;70012;SEATRADER;;;0
588238;13.10.2026;;8004200273;ERL Euro Retail Logistics GmbH;59425;80607524;;;;140046200042050888;020;K;70012;SEATRADER;;;0
588238;13.10.2026;;8004200273;ERL Euro Retail Logistics GmbH;59425;80607524;;;;140046200042050895;020;K;70012;SEATRADER;;;0
588238;13.10.2026;;8004200273;ERL Euro Retail Logistics GmbH;59425;80607524;;;;140046200042050901;020;K;70012;SEATRADER;;;0
588238;13.10.2026;;8004200273;ERL Euro Retail Logistics GmbH;59425;80607524;;;;140046200042050918;020;K;70012;SEATRADER;;;0
588238;13.10.2026;;8004200273;ERL Euro Retail Logistics GmbH;59425;80607524;;;;140046200042050925;020;K;70012;SEATRADER;;;0
588238;13.10.2026;;8004200273;ERL Euro Retail Logistics GmbH;59425;80607524;;;;140046200042050932;020;K;70012;SEATRADER;;;0
588238;13.10.2026;;8004200273;ERL Euro Retail Logistics GmbH;59425;80607524;;;;140046200042050949;020;K;70012;SEATRADER;;;0
588238;13.10.2026;;8004200273;ERL Euro Retail Logistics GmbH;59425;80607524;;;;140046200042050956;020;K;70012;SEATRADER;;;0
588238;13.10.2026;;8004200273;ERL Euro Retail Logistics GmbH;59425;80607524;;;;140046200042050963;020;K;70012;SEATRADER;;;0
588238;13.10.2026;;8004200273;ERL Euro Retail Logistics GmbH;59425;80607524;;;;140046200042050970;020;K;70012;SEATRADER;;;0
588238;13.10.2026;;8004200273;ERL Euro Retail Logistics GmbH;59425;80607524;;;;140046200042050987;020;K;70012;SEATRADER;;;0
588238;13.10.2026;;8004200273;ERL Euro Retail Logistics GmbH;59425;80607524;;;;140046200042050994;020;K;70012;SEATRADER;;;0
588238;13.10.2026;;8004200273;ERL Euro Retail Logistics GmbH;59425;80607524;;;;140046200042051007;020;K;70012;SEATRADER;;;0
588238;13.10.2026;;8004200273;ERL Euro Retail Logistics GmbH;59425;80607524;;;;140046200042051014;020;K;70012;SEATRADER;;;0
588239;14.10.2026;;8004200273;ERL Euro Retail Logistics GmbH;59425;80607525;;;;140046200042051342;020;K;70012;SEATRADER;;;0
588239;14.10.2026;;8004200273;ERL Euro Retail Logistics GmbH;59425;80607525;;;;140046200042051359;020;K;70012;SEATRADER;;;0
588239;14.10.2026;;8004200273;ERL Euro Retail Logistics GmbH;59425;80607525;;;;140046200042051366;020;K;70012;SEATRADER;;;0
588239;14.10.2026;;8004200273;ERL Euro Retail Logistics GmbH;59425;80607525;;;;140046200042051373;020;K;70012;SEATRADER;;;0
588239;14.10.2026;;8004200273;ERL Euro Retail Logistics GmbH;59425;80607525;;;;140046200042051380;020;K;70012;SEATRADER;;;0
588239;14.10.2026;;8004200273;ERL Euro Retail Logistics GmbH;59425;80607525;;;;140046200042051397;020;K;70012;SEATRADER;;;0
588239;14.10.2026;;8004200273;ERL Euro Retail Logistics GmbH;59425;80607525;;;;140046200042051403;020;K;70012;SEATRADER;;;0
588239;14.10.2026;;8004200273;ERL Euro Retail Logistics GmbH;59425;80607525;;;;140046200042051410;020;K;70012;SEATRADER;;;0
588239;14.10.2026;;8004200273;ERL Euro Retail Logistics GmbH;59425;80607525;;;;140046200042051427;020;K;70012;SEATRADER;;;0
588239;14.10.2026;;8004200273;ERL Euro Retail Logistics GmbH;59425;80607525;;;;140046200042051434;020;K;70012;SEATRADER;;;0
588239;14.10.2026;;8004200273;ERL Euro Retail Logistics GmbH;59425;80607525;;;;140046200042051441;020;K;70012;SEATRADER;;;0
588239;14.10.2026;;8004200273;ERL Euro Retail Logistics GmbH;59425;80607525;;;;140046200042051458;020;K;70012;SEATRADER;;;0
588239;14.10.2026;;8004200273;ERL Euro Retail Logistics GmbH;59425;80607525;;;;140046200042051465;020;K;70012;SEATRADER;;;0
588239;14.10.2026;;8004200273;ERL Euro Retail Logistics GmbH;59425;80607525;;;;140046200042051472;020;K;70012;SEATRADER;;;0
588239;14.10.2026;;8004200273;ERL Euro Retail Logistics GmbH;59425;80607525;;;;140046200042051489;020;K;70012;SEATRADER;;;0
588239;14.10.2026;;8004200273;ERL Euro Retail Logistics GmbH;59425;80607525;;;;140046200042051496;020;K;70012;SEATRADER;;;0
588239;14.10.2026;;8004200273;ERL Euro Retail Logistics GmbH;59425;80607525;;;;140046200042051182;020;K;70012;SEATRADER;;;0
588239;14.10.2026;;8004200273;ERL Euro Retail Logistics GmbH;59425;80607525;;;;140046200042051199;020;K;70012;SEATRADER;;;0
588239;14.10.2026;;8004200273;ERL Euro Retail Logistics GmbH;59425;80607525;;;;140046200042051205;020;K;70012;SEATRADER;;;0
588239;14.10.2026;;8004200273;ERL Euro Retail Logistics GmbH;59425;80607525;;;;140046200042051212;020;K;70012;SEATRADER;;;0
588239;14.10.2026;;8004200273;ERL Euro Retail Logistics GmbH;59425;80607525;;;;140046200042051229;020;K;70012;SEATRADER;;;0
588239;14.10.2026;;8004200273;ERL Euro Retail Logistics GmbH;59425;80607525;;;;140046200042051236;020;K;70012;SEATRADER;;;0
588239;14.10.2026;;8004200273;ERL Euro Retail Logistics GmbH;59425;80607525;;;;140046200042051243;020;K;70012;SEATRADER;;;0
588239;14.10.2026;;8004200273;ERL Euro Retail Logistics GmbH;59425;80607525;;;;140046200042051250;020;K;70012;SEATRADER;;;0
588239;14.10.2026;;8004200273;ERL Euro Retail Logistics GmbH;59425;80607525;;;;140046200042051267;020;K;70012;SEATRADER;;;0
588239;14.10.2026;;8004200273;ERL Euro Retail Logistics GmbH;59425;80607525;;;;140046200042051274;020;K;70012;SEATRADER;;;0
588239;14.10.2026;;8004200273;ERL Euro Retail Logistics GmbH;59425;80607525;;;;140046200042051281;020;K;70012;SEATRADER;;;0
588239;14.10.2026;;8004200273;ERL Euro Retail Logistics GmbH;59425;80607525;;;;140046200042051298;020;K;70012;SEATRADER;;;0
588239;14.10.2026;;8004200273;ERL Euro Retail Logistics GmbH;59425;80607525;;;;140046200042051304;020;K;70012;SEATRADER;;;0
588239;14.10.2026;;8004200273;ERL Euro Retail Logistics GmbH;59425;80607525;;;;140046200042051311;020;K;70012;SEATRADER;;;0
588239;14.10.2026;;8004200273;ERL Euro Retail Logistics GmbH;59425;80607525;;;;140046200042051328;020;K;70012;SEATRADER;;;0
588239;14.10.2026;;8004200273;ERL Euro Retail Logistics GmbH;59425;80607525;;;;140046200042051335;020;K;70012;SEATRADER;;;0
588240;14.10.2026;;8004200273;ERL Euro Retail Logistics GmbH;59425;80607526;;;;140046200042051663;020;K;70012;SEATRADER;;;0
588240;14.10.2026;;8004200273;ERL Euro Retail Logistics GmbH;59425;80607526;;;;140046200042051670;020;K;70012;SEATRADER;;;0
588240;14.10.2026;;8004200273;ERL Euro Retail Logistics GmbH;59425;80607526;;;;140046200042051687;020;K;70012;SEATRADER;;;0
588240;14.10.2026;;8004200273;ERL Euro Retail Logistics GmbH;59425;80607526;;;;140046200042051694;020;K;70012;SEATRADER;;;0
588240;14.10.2026;;8004200273;ERL Euro Retail Logistics GmbH;59425;80607526;;;;140046200042051700;020;K;70012;SEATRADER;;;0
588240;14.10.2026;;8004200273;ERL Euro Retail Logistics GmbH;59425;80607526;;;;140046200042051717;020;K;70012;SEATRADER;;;0
588240;14.10.2026;;8004200273;ERL Euro Retail Logistics GmbH;59425;80607526;;;;140046200042051724;020;K;70012;SEATRADER;;;0
588240;14.10.2026;;8004200273;ERL Euro Retail Logistics GmbH;59425;80607526;;;;140046200042051731;020;K;70012;SEATRADER;;;0
588240;14.10.2026;;8004200273;ERL Euro Retail Logistics GmbH;59425;80607526;;;;140046200042051748;020;K;70012;SEATRADER;;;0
588240;14.10.2026;;8004200273;ERL Euro Retail Logistics GmbH;59425;80607526;;;;140046200042051755;020;K;70012;SEATRADER;;;0
588240;14.10.2026;;8004200273;ERL Euro Retail Logistics GmbH;59425;80607526;;;;140046200042051762;020;K;70012;SEATRADER;;;0
588240;14.10.2026;;8004200273;ERL Euro Retail Logistics GmbH;59425;80607526;;;;140046200042051779;020;K;70012;SEATRADER;;;0
588240;14.10.2026;;8004200273;ERL Euro Retail Logistics GmbH;59425;80607526;;;;140046200042051786;020;K;70012;SEATRADER;;;0
588240;14.10.2026;;8004200273;ERL Euro Retail Logistics GmbH;59425;80607526;;;;140046200042051793;020;K;70012;SEATRADER;;;0
588240;14.10.2026;;8004200273;ERL Euro Retail Logistics GmbH;59425;80607526;;;;140046200042051809;020;K;70012;SEATRADER;;;0
588240;14.10.2026;;8004200273;ERL Euro Retail Logistics GmbH;59425;80607526;;;;140046200042051816;020;K;70012;SEATRADER;;;0
588240;14.10.2026;;8004200273;ERL Euro Retail Logistics GmbH;59425;80607526;;;;140046200042051502;020;K;70012;SEATRADER;;;0
588240;14.10.2026;;8004200273;ERL Euro Retail Logistics GmbH;59425;80607526;;;;140046200042051519;020;K;70012;SEATRADER;;;0
588240;14.10.2026;;8004200273;ERL Euro Retail Logistics GmbH;59425;80607526;;;;140046200042051526;020;K;70012;SEATRADER;;;0
588240;14.10.2026;;8004200273;ERL Euro Retail Logistics GmbH;59425;80607526;;;;140046200042051533;020;K;70012;SEATRADER;;;0
588240;14.10.2026;;8004200273;ERL Euro Retail Logistics GmbH;59425;80607526;;;;140046200042051540;020;K;70012;SEATRADER;;;0
588240;14.10.2026;;8004200273;ERL Euro Retail Logistics GmbH;59425;80607526;;;;140046200042051557;020;K;70012;SEATRADER;;;0
588240;14.10.2026;;8004200273;ERL Euro Retail Logistics GmbH;59425;80607526;;;;140046200042051564;020;K;70012;SEATRADER;;;0
588240;14.10.2026;;8004200273;ERL Euro Retail Logistics GmbH;59425;80607526;;;;140046200042051571;020;K;70012;SEATRADER;;;0
588240;14.10.2026;;8004200273;ERL Euro Retail Logistics GmbH;59425;80607526;;;;140046200042051588;020;K;70012;SEATRADER;;;0
588240;14.10.2026;;8004200273;ERL Euro Retail Logistics GmbH;59425;80607526;;;;140046200042051595;020;K;70012;SEATRADER;;;0
588240;14.10.2026;;8004200273;ERL Euro Retail Logistics GmbH;59425;80607526;;;;140046200042051601;020;K;70012;SEATRADER;;;0
588240;14.10.2026;;8004200273;ERL Euro Retail Logistics GmbH;59425;80607526;;;;140046200042051618;020;K;70012;SEATRADER;;;0
588240;14.10.2026;;8004200273;ERL Euro Retail Logistics GmbH;59425;80607526;;;;140046200042051625;020;K;70012;SEATRADER;;;0
588240;14.10.2026;;8004200273;ERL Euro Retail Logistics GmbH;59425;80607526;;;;140046200042051632;020;K;70012;SEATRADER;;;0
588240;14.10.2026;;8004200273;ERL Euro Retail Logistics GmbH;59425;80607526;;;;140046200042051649;020;K;70012;SEATRADER;;;0
588240;14.10.2026;;8004200273;ERL Euro Retail Logistics GmbH;59425;80607526;;;;140046200042051656;020;K;70012;SEATRADER;;;0
588241;15.10.2026;;8004200273;ERL Euro Retail Logistics GmbH;59425;80607527;;;;140046200042051977;020;K;70012;SEATRADER;;;0
588241;15.10.2026;;8004200273;ERL Euro Retail Logistics GmbH;59425;80607527;;;;140046200042051960;020;K;70012;SEATRADER;;;0
588241;15.10.2026;;8004200273;ERL Euro Retail Logistics GmbH;59425;80607527;;;;140046200042051953;020;K;70012;SEATRADER;;;0
588241;15.10.2026;;8004200273;ERL Euro Retail Logistics GmbH;59425;80607527;;;;140046200042051946;020;K;70012;SEATRADER;;;0
588241;15.10.2026;;8004200273;ERL Euro Retail Logistics GmbH;59425;80607527;;;;140046200042051939;020;K;70012;SEATRADER;;;0
588241;15.10.2026;;8004200273;ERL Euro Retail Logistics GmbH;59425;80607527;;;;140046200042051922;020;K;70012;SEATRADER;;;0
588241;15.10.2026;;8004200273;ERL Euro Retail Logistics GmbH;59425;80607527;;;;140046200042051915;020;K;70012;SEATRADER;;;0
588241;15.10.2026;;8004200273;ERL Euro Retail Logistics GmbH;59425;80607527;;;;140046200042051908;020;K;70012;SEATRADER;;;0
588241;15.10.2026;;8004200273;ERL Euro Retail Logistics GmbH;59425;80607527;;;;140046200042051892;020;K;70012;SEATRADER;;;0
588241;15.10.2026;;8004200273;ERL Euro Retail Logistics GmbH;59425;80607527;;;;140046200042051885;020;K;70012;SEATRADER;;;0
588241;15.10.2026;;8004200273;ERL Euro Retail Logistics GmbH;59425;80607527;;;;140046200042051823;020;K;70012;SEATRADER;;;0
588241;15.10.2026;;8004200273;ERL Euro Retail Logistics GmbH;59425;80607527;;;;140046200042051830;020;K;70012;SEATRADER;;;0
588241;15.10.2026;;8004200273;ERL Euro Retail Logistics GmbH;59425;80607527;;;;140046200042051847;020;K;70012;SEATRADER;;;0
588241;15.10.2026;;8004200273;ERL Euro Retail Logistics GmbH;59425;80607527;;;;140046200042051854;020;K;70012;SEATRADER;;;0
588241;15.10.2026;;8004200273;ERL Euro Retail Logistics GmbH;59425;80607527;;;;140046200042051861;020;K;70012;SEATRADER;;;0
588241;15.10.2026;;8004200273;ERL Euro Retail Logistics GmbH;59425;80607527;;;;140046200042051878;020;K;70012;SEATRADER;;;0
588241;15.10.2026;;8004200273;ERL Euro Retail Logistics GmbH;59425;80607527;;;;140046200042051984;020;K;70012;SEATRADER;;;0
588241;15.10.2026;;8004200273;ERL Euro Retail Logistics GmbH;59425;80607527;;;;140046200042051991;020;K;70012;SEATRADER;;;0
588241;15.10.2026;;8004200273;ERL Euro Retail Logistics GmbH;59425;80607527;;;;140046200042052004;020;K;70012;SEATRADER;;;0
588241;15.10.2026;;8004200273;ERL Euro Retail Logistics GmbH;59425;80607527;;;;140046200042052011;020;K;70012;SEATRADER;;;0
588241;15.10.2026;;8004200273;ERL Euro Retail Logistics GmbH;59425;80607527;;;;140046200042052028;020;K;70012;SEATRADER;;;0
588241;15.10.2026;;8004200273;ERL Euro Retail Logistics GmbH;59425;80607527;;;;140046200042052035;020;K;70012;SEATRADER;;;0
588241;15.10.2026;;8004200273;ERL Euro Retail Logistics GmbH;59425;80607527;;;;140046200042052042;020;K;70012;SEATRADER;;;0
588241;15.10.2026;;8004200273;ERL Euro Retail Logistics GmbH;59425;80607527;;;;140046200042052059;020;K;70012;SEATRADER;;;0
588241;15.10.2026;;8004200273;ERL Euro Retail Logistics GmbH;59425;80607527;;;;140046200042052066;020;K;70012;SEATRADER;;;0
588241;15.10.2026;;8004200273;ERL Euro Retail Logistics GmbH;59425;80607527;;;;140046200042052073;020;K;70012;SEATRADER;;;0
588241;15.10.2026;;8004200273;ERL Euro Retail Logistics GmbH;59425;80607527;;;;140046200042052080;020;K;70012;SEATRADER;;;0
588241;15.10.2026;;8004200273;ERL Euro Retail Logistics GmbH;59425;80607527;;;;140046200042052097;020;K;70012;SEATRADER;;;0
588241;15.10.2026;;8004200273;ERL Euro Retail Logistics GmbH;59425;80607527;;;;140046200042052103;020;K;70012;SEATRADER;;;0
588241;15.10.2026;;8004200273;ERL Euro Retail Logistics GmbH;59425;80607527;;;;140046200042052110;020;K;70012;SEATRADER;;;0
588241;15.10.2026;;8004200273;ERL Euro Retail Logistics GmbH;59425;80607527;;;;140046200042052127;020;K;70012;SEATRADER;;;0
588241;15.10.2026;;8004200273;ERL Euro Retail Logistics GmbH;59425;80607527;;;;140046200042052134;020;K;70012;SEATRADER;;;0
588242;15.10.2026;;8004200273;ERL Euro Retail Logistics GmbH;59425;80607528;;;;140046200042052141;020;K;70012;SEATRADER;;;0
588242;15.10.2026;;8004200273;ERL Euro Retail Logistics GmbH;59425;80607528;;;;140046200042052158;020;K;70012;SEATRADER;;;0
588242;15.10.2026;;8004200273;ERL Euro Retail Logistics GmbH;59425;80607528;;;;140046200042052165;020;K;70012;SEATRADER;;;0
588242;15.10.2026;;8004200273;ERL Euro Retail Logistics GmbH;59425;80607528;;;;140046200042052172;020;K;70012;SEATRADER;;;0
588242;15.10.2026;;8004200273;ERL Euro Retail Logistics GmbH;59425;80607528;;;;140046200042052189;020;K;70012;SEATRADER;;;0
588242;15.10.2026;;8004200273;ERL Euro Retail Logistics GmbH;59425;80607528;;;;140046200042052196;020;K;70012;SEATRADER;;;0
588242;15.10.2026;;8004200273;ERL Euro Retail Logistics GmbH;59425;80607528;;;;140046200042052202;020;K;70012;SEATRADER;;;0
588242;15.10.2026;;8004200273;ERL Euro Retail Logistics GmbH;59425;80607528;;;;140046200042052219;020;K;70012;SEATRADER;;;0
588242;15.10.2026;;8004200273;ERL Euro Retail Logistics GmbH;59425;80607528;;;;140046200042052226;020;K;70012;SEATRADER;;;0
588242;15.10.2026;;8004200273;ERL Euro Retail Logistics GmbH;59425;80607528;;;;140046200042052233;020;K;70012;SEATRADER;;;0
588242;15.10.2026;;8004200273;ERL Euro Retail Logistics GmbH;59425;80607528;;;;140046200042052240;020;K;70012;SEATRADER;;;0
588242;15.10.2026;;8004200273;ERL Euro Retail Logistics GmbH;59425;80607528;;;;140046200042052257;020;K;70012;SEATRADER;;;0
588242;15.10.2026;;8004200273;ERL Euro Retail Logistics GmbH;59425;80607528;;;;140046200042052264;020;K;70012;SEATRADER;;;0
588242;15.10.2026;;8004200273;ERL Euro Retail Logistics GmbH;59425;80607528;;;;140046200042052271;020;K;70012;SEATRADER;;;0
588242;15.10.2026;;8004200273;ERL Euro Retail Logistics GmbH;59425;80607528;;;;140046200042052288;020;K;70012;SEATRADER;;;0
588242;15.10.2026;;8004200273;ERL Euro Retail Logistics GmbH;59425;80607528;;;;140046200042052295;020;K;70012;SEATRADER;;;0
588242;15.10.2026;;8004200273;ERL Euro Retail Logistics GmbH;59425;80607528;;;;140046200042052301;020;K;70012;SEATRADER;;;0
588242;15.10.2026;;8004200273;ERL Euro Retail Logistics GmbH;59425;80607528;;;;140046200042052318;020;K;70012;SEATRADER;;;0
588242;15.10.2026;;8004200273;ERL Euro Retail Logistics GmbH;59425;80607528;;;;140046200042052325;020;K;70012;SEATRADER;;;0
588242;15.10.2026;;8004200273;ERL Euro Retail Logistics GmbH;59425;80607528;;;;140046200042052332;020;K;70012;SEATRADER;;;0
588242;15.10.2026;;8004200273;ERL Euro Retail Logistics GmbH;59425;80607528;;;;140046200042052349;020;K;70012;SEATRADER;;;0
588242;15.10.2026;;8004200273;ERL Euro Retail Logistics GmbH;59425;80607528;;;;140046200042052356;020;K;70012;SEATRADER;;;0
588242;15.10.2026;;8004200273;ERL Euro Retail Logistics GmbH;59425;80607528;;;;140046200042052363;020;K;70012;SEATRADER;;;0
588242;15.10.2026;;8004200273;ERL Euro Retail Logistics GmbH;59425;80607528;;;;140046200042052370;020;K;70012;SEATRADER;;;0
588242;15.10.2026;;8004200273;ERL Euro Retail Logistics GmbH;59425;80607528;;;;140046200042052387;020;K;70012;SEATRADER;;;0
588242;15.10.2026;;8004200273;ERL Euro Retail Logistics GmbH;59425;80607528;;;;140046200042052394;020;K;70012;SEATRADER;;;0
589976;48.2026;02;5104101195;Heiwig Carsten, NK;34233;80607723;;;;140046226077230101;003;18-04;70481;DHL Freight GmbH;KSF;X;0
589876;48.2026;02;5104101050;NK WINKES,JUERGEN  070 7;61169;80607734;;;;140046226077340107;003;17-01;70481;DHL Freight GmbH;FRA;X;0
590034;48.2026;02;5104101290;BAYRAK, HAYRETTIN 00039-6;61231;80607735;;;;140046226077350106;003;17-01;70481;DHL Freight GmbH;FRA;X;0
589870;48.2026;02;5104101042;Ignatenko Jürgen e.K.;63697;80607736;;;;140046226077360105;003;17-01;70481;DHL Freight GmbH;FRA;X;0
590230;47.2026;03;5104303023;KUK EINKAUFSC.  96520;85253;80607793;;;;140046226077930100;003;18-05;70481;DHL Freight GmbH;AGB;X;0
590717;47.2026;03;5104406094;Ertugrul Lebensmittelmärkte e.;86152;80607800;;;;140046226078000109;003;18-05;70481;DHL Freight GmbH;AGB;X;0
590718;47.2026;03;5104406095;Damljan Sarkic e. K.;86157;80607802;;;;140046226078020107;003;18-05;70481;DHL Freight GmbH;AGB;X;0
590670;47.2026;03;5104406029;Damljan Sarkic e.K.;86159;80607803;;;;140046226078030106;003;18-05;70481;DHL Freight GmbH;AGB;X;0
590263;47.2026;03;5104401038;TOBIAS WEISS E.K.;86159;80607804;;;;140046226078040105;003;18-05;70481;DHL Freight GmbH;AGB;X;0
590462;47.2026;03;5104402652;Selina Valentin e.K.;86399;80607805;;;;140046226078050104;003;18-05;70481;DHL Freight GmbH;AGB;X;0
590393;47.2026;03;5104402425;EDEKA Sabrina Klein e.K.;86424;80607806;;;;140046226078060103;003;18-05;70481;DHL Freight GmbH;AGB;X;0
590522;47.2026;03;5104402781;Zeller Altenmünster Hptm.;86450;80607807;;;;140046226078070102;003;18-05;70481;DHL Freight GmbH;AGB;X;0
590367;47.2026;03;5104402200;Edeka Zeller;86465;80607808;;;;140046226078080101;003;18-05;70481;DHL Freight GmbH;AGB;X;0
590547;47.2026;03;5104402843;Edeka Zeller;86465;80607809;;;;140046226078090100;003;18-05;70481;DHL Freight GmbH;AGB;X;0
590761;47.2026;03;5104406191;Alexander Mikuta e.K.;86510;80607810;;;;140046226078100106;020;K;70481;DHL Freight GmbH;AGB;X;0
590761;47.2026;03;5104406191;Alexander Mikuta e.K.;86510;80607810;;;;140046226078100205;020;K;70481;DHL Freight GmbH;AGB;X;0
590598;47.2026;03;5104402919;EDEKA Adelzhausen;86559;80607811;;;;140046226078110105;003;18-05;70481;DHL Freight GmbH;AGB;X;0
590347;47.2026;03;5104402095;KARL LEDERER OHG;86668;80607812;;;;140046226078120104;003;18-05;70481;DHL Freight GmbH;AGB;X;0
590326;47.2026;03;5104401331;EDEKA STELZER E.K.  04743;86669;80607813;;;;140046226078130103;020;K;70481;DHL Freight GmbH;AGB;X;0
590326;47.2026;03;5104401331;EDEKA STELZER E.K.  04743;86669;80607813;;;;140046226078130202;020;K;70481;DHL Freight GmbH;AGB;X;0
590275;47.2026;03;5104401151;EDEKA S. RIASONOW E.K. 2631;85084;80607854;;;;140046226078540100;003;18-05;70481;DHL Freight GmbH;AGB;X;0
590555;47.2026;03;5104402853;Ralph Kreuzer e.K.;86497;80607858;;;;140046226078580106;003;18-05;70481;DHL Freight GmbH;AGB;X;0
590555;47.2026;03;5104402853;Ralph Kreuzer e.K.;86497;80607858;;;;140046226078580205;003;18-05;70481;DHL Freight GmbH;AGB;X;0
590521;47.2026;03;5104402779;EDEKA EL-MUSTAPHA E.K. 03986;86633;80607859;;;;140046226078590105;003;18-05;70481;DHL Freight GmbH;AGB;X;0
590520;47.2026;03;5104402778;EDEKA STELZER 09366;86668;80607860;;;;140046226078600200;003;18-05;70481;DHL Freight GmbH;AGB;X;0
590520;47.2026;03;5104402778;EDEKA STELZER 09366;86668;80607860;;;;140046226078600101;003;18-05;70481;DHL Freight GmbH;AGB;X;0
590577;47.2026;03;5104402889;EDEKA STEFAN STOLL E.K.;86672;80607861;;;;140046226078610100;003;18-05;70481;DHL Freight GmbH;AGB;X;0
590577;47.2026;03;5104402889;EDEKA STEFAN STOLL E.K.;86672;80607861;;;;140046226078610209;003;18-05;70481;DHL Freight GmbH;AGB;X;0
590593;47.2026;03;5104402911;Edeka Modlmeyr;86676;80607862;;;;140046226078620109;003;18-05;70481;DHL Freight GmbH;AGB;X;0
590469;47.2026;03;5104402672;Lebensmittel Simone Schmidt e.;87629;80607863;;;;140046226078630108;003;18-05;70481;DHL Freight GmbH;AGB;X;0
